-82,268; -82,268; -80,268; 3; -80,268; 0,128859; 54; -nan(ind); -nan(ind); 4; 0; 0; 
17,8871; 15,8871; 17,8871; 4; 15,8871; 0,00504803; 54; -nan(ind); -nan(ind); 4; 0; 0; 
67,8247; 65,8247; 67,8247; 4; 65,8247; -0,785346; 54; -nan(ind); -nan(ind); 4; 0; 0; 
99,3826; 97,3826; 99,3826; 4; 97,3826; 0,189674; 54; -nan(ind); -nan(ind); 4; 0; 0; 
-53,3716; -53,3716; -51,3716; 3; -51,3716; 0,0527807; 54; -nan(ind); -nan(ind); 4; 0; 0; 
32,7812; 30,7812; 32,7812; 4; 30,7812; 0,0189848; 54; -nan(ind); -nan(ind); 4; 0; 0; 
57,6918; 57,6918; 59,6918; 3; 59,6918; -0,792257; 54; -nan(ind); -nan(ind); 4; 0; 0; 
-79,5802; -79,5802; -77,5802; 3; -77,5802; 0,120374; 54; -nan(ind); -nan(ind); 4; 0; 0; 
-81,115; -81,115; -79,115; 3; -79,115; 0,125184; 54; -nan(ind); -nan(ind); 4; 0; 0; 
-83,8818; -83,8818; -81,8818; 3; -81,8818; 0,134093; 54; -nan(ind); -nan(ind); 4; 0; 0; 
-85,7139; -85,7139; -83,7139; 3; -83,7139; 0,14016; 54; -nan(ind); -nan(ind); 4; 0; 0; 
55,4566; 55,4566; 57,4566; 3; 57,4566; -0,579602; 54; -nan(ind); -nan(ind); 3; 0; 0; 
28,0534; 26,0534; 28,0534; 4; 26,0534; 0,0135768; 54; -nan(ind); -nan(ind); 4; 0; 0; 
-15,2504; -15,2504; -13,2504; 3; -13,2504; 0,00351147; 54; -nan(ind); -nan(ind); 4; 0; 0; 
-62,2107; -62,2107; -60,2107; 3; -60,2107; 0,0725065; 54; -nan(ind); -nan(ind); 4; 0; 0; 
86,8306; 84,8306; 86,8306; 4; 84,8306; 0,148515; 54; -nan(ind); -nan(ind); 4; 0; 0; 
-68,8916; -68,8916; -66,8916; 3; -66,8916; 0,0894898; 54; -nan(ind); -nan(ind); 4; 0; 0; 
7,21718; 5,21718; 7,21718; 4; 5,21718; 0,00054438; 54; -nan(ind); -nan(ind); 4; 0; 0; 
-5,11309; -5,11309; -3,11309; 3; -3,11309; 0,000193827; 54; -nan(ind); -nan(ind); 4; 0; 0; 
-29,8777; -29,8777; -27,8777; 3; -27,8777; 0,0155434; 54; -nan(ind); -nan(ind); 4; 0; 0; 
76,2069; 74,2069; 76,2069; 4; 74,2069; -0,00415863; 54; -nan(ind); -nan(ind); 3; 0; 0; 
72,4524; 70,4524; 72,4524; 4; 70,4524; -0,303509; 54; -nan(ind); -nan(ind); 3; 0; 0; 
-17,7536; -17,7536; -15,7536; 3; -15,7536; 0,00496353; 54; -nan(ind); -nan(ind); 4; 0; 0; 
1,19769; -0,802311; 1,19769; 4; 6,2783e-07; 4,34025e-19; 54; 2,47903e-13; -7,44939e-18; 6; 0; 0; 
93,0967; 91,0967; 93,0967; 4; 91,0967; 0,166289; 54; -nan(ind); -nan(ind); 4; 0; 0; 
21,9385; 19,9385; 21,9385; 4; 19,9385; 0,00795085; 54; -nan(ind); -nan(ind); 4; 0; 0; 
11,6343; 9,63432; 11,6343; 4; 9,63432; 0,0018564; 54; -nan(ind); -nan(ind); 4; 0; 0; 
-38,957; -38,957; -36,957; 3; -36,957; 0,0273163; 54; -nan(ind); -nan(ind); 4; 0; 0; 
-77,8463; -77,8463; -75,8463; 3; -75,8463; 0,115053; 54; -nan(ind); -nan(ind); 4; 0; 0; 
93,8093; 91,8093; 93,8093; 4; 91,8093; 0,168794; 54; -nan(ind); -nan(ind); 4; 0; 0; 
70,9994; 68,9994; 70,9994; 4; 68,9994; -0,460241; 54; -nan(ind); -nan(ind); 3; 0; 0; 
18,5741; 16,5741; 18,5741; 4; 16,5741; 0,00549401; 54; -nan(ind); -nan(ind); 4; 0; 0; 
3,41998; 1,41998; 3,41998; 4; 1,41998; 4,03271e-05; 54; -nan(ind); -nan(ind); 4; 0; 0; 
-54,0583; -54,0583; -52,0583; 3; -52,0583; 0,0542014; 54; -nan(ind); -nan(ind); 4; 0; 0; 
91,8751; 89,8751; 91,8751; 4; 89,8751; 0,162144; 54; -nan(ind); -nan(ind); 4; 0; 0; 
46,4555; 46,4555; 48,4555; 3; 48,4555; 0,0299974; 54; -nan(ind); -nan(ind); 3; 0; 0; 
-76,2802; -76,2802; -74,2802; 3; -74,2802; 0,110351; 54; -nan(ind); -nan(ind); 4; 0; 0; 
46,7602; 46,7602; 48,7602; 3; 48,7602; 0,0248602; 54; -nan(ind); -nan(ind); 3; 0; 0; 
-22,5977; -22,5977; -20,5977; 3; -20,5977; 0,00848528; 54; -nan(ind); -nan(ind); 4; 0; 0; 
-67,199; -67,199; -65,199; 3; -65,199; 0,0850183; 54; -nan(ind); -nan(ind); 4; 0; 0; 
20,187; 18,187; 20,187; 4; 18,187; 0,00661532; 54; -nan(ind); -nan(ind); 4; 0; 0; 
65,8426; 63,8426; 65,8426; 4; 63,8426; -0,902623; 54; -nan(ind); -nan(ind); 4; 0; 0; 
-35,5631; -35,5631; -33,5631; 3; -33,5631; 0,0225296; 54; -nan(ind); -nan(ind); 4; 0; 0; 
57,9366; 57,9366; 59,9366; 3; 59,9366; -0,811086; 54; -nan(ind); -nan(ind); 4; 0; 0; 
-78,6165; -78,6165; -76,6165; 3; -76,6165; 0,117402; 54; -nan(ind); -nan(ind); 4; 0; 0; 
60,1408; 60,1408; 62,1408; 3; 62,1408; -0,916058; 54; -nan(ind); -nan(ind); 4; 0; 0; 
-78,8655; -78,8655; -76,8655; 3; -76,8655; 0,118166; 54; -nan(ind); -nan(ind); 4; 0; 0; 
13,9171; 11,9171; 13,9171; 4; 11,9171; 0,00284035; 54; -nan(ind); -nan(ind); 4; 0; 0; 
68,6897; 66,6897; 68,6897; 4; 66,6897; -0,707462; 54; -nan(ind); -nan(ind); 4; 0; 0; 
51,8379; 51,8379; 53,8379; 3; 53,8379; -0,220657; 54; -nan(ind); -nan(ind); 3; 0; 0; 
-81,2732; -81,2732; -79,2732; 3; -79,2732; 0,125685; 54; -nan(ind); -nan(ind); 4; 0; 0; 
-5,51779; -5,51779; -3,51779; 3; -3,5178; 0,000247498; 54; -nan(ind); -nan(ind); 4; 0; 0; 
91,2979; 89,2979; 91,2979; 4; 89,2979; 0,160268; 54; -nan(ind); -nan(ind); 4; 0; 0; 
43,2036; 41,2036; 43,2036; 4; 41,2036; 0,0392162; 54; -nan(ind); -nan(ind); 3; 0; 0; 
-35,8985; -35,8985; -33,8985; 3; -33,8985; 0,0229822; 54; -nan(ind); -nan(ind); 4; 0; 0; 
21,7131; 19,7131; 21,7131; 4; 19,7131; 0,00777213; 54; -nan(ind); -nan(ind); 4; 0; 0; 
-65,5707; -65,5707; -63,5707; 3; -63,5707; 0,0808246; 54; -nan(ind); -nan(ind); 4; 0; 0; 
49,4478; 49,4478; 51,4478; 3; 51,4478; -0,0625601; 54; -nan(ind); -nan(ind); 3; 0; 0; 
-98,0584; -98,0584; -96,0584; 3; -96,0584; 0,184544; 54; -nan(ind); -nan(ind); 4; 0; 0; 
43,3374; 41,3374; 43,3374; 4; 41,3374; 0,0396377; 54; -nan(ind); -nan(ind); 3; 0; 0; 
49,5639; 49,5639; 51,5639; 3; 51,5639; -0,0683661; 54; -nan(ind); -nan(ind); 3; 0; 0; 
9,99086; 7,99086; 9,99086; 4; 7,99087; 0,00127708; 54; -nan(ind); -nan(ind); 4; 0; 0; 
53,8963; 53,8963; 55,8963; 3; 55,8963; -0,414958; 54; -nan(ind); -nan(ind); 3; 0; 0; 
-11,9343; -11,9343; -9,93428; 3; -9,93429; 0,0019738; 54; -nan(ind); -nan(ind); 4; 0; 0; 
84,1212; 82,1212; 84,1212; 4; 82,1212; 0,143262; 54; -nan(ind); -nan(ind); 3; 0; 0; 
87,0024; 85,0024; 87,0024; 4; 85,0024; 0,148862; 54; -nan(ind); -nan(ind); 4; 0; 0; 
-8,61466; -8,61466; -6,61466; 3; -6,61466; 0,000875076; 54; -nan(ind); -nan(ind); 4; 0; 0; 
95,6172; 93,6172; 95,6172; 4; 93,6172; 0,175359; 54; -nan(ind); -nan(ind); 4; 0; 0; 
-60,1008; -60,1008; -58,1008; 3; -58,1008; 0,0675141; 54; -nan(ind); -nan(ind); 4; 0; 0; 
-39,6651; -39,6651; -37,6651; 3; -37,6651; 0,0283733; 54; -nan(ind); -nan(ind); 4; 0; 0; 
-99,14; -99,14; -97,14; 3; -97,14; 0,188724; 54; -nan(ind); -nan(ind); 4; 0; 0; 
19,8421; 17,8421; 19,8421; 4; 17,8421; 0,00636679; 54; -nan(ind); -nan(ind); 4; 0; 0; 
-64,0946; -64,0946; -62,0946; 3; -62,0946; 0,0771148; 54; -nan(ind); -nan(ind); 4; 0; 0; 
36,3912; 34,3912; 36,3912; 4; 34,3913; 0,023954; 54; -nan(ind); -nan(ind); 4; 0; 0; 
34,6397; 32,6397; 34,6397; 4; 32,6398; 0,0214183; 54; -nan(ind); -nan(ind); 4; 0; 0; 
19,3389; 17,3389; 19,3389; 4; 17,3389; 0,00601274; 54; -nan(ind); -nan(ind); 4; 0; 0; 
-43,4907; -43,4907; -41,4907; 3; -41,4907; 0,0344296; 54; -nan(ind); -nan(ind); 4; 0; 0; 
-17,1877; -17,1877; -15,1877; 3; -15,1877; 0,00461331; 54; -nan(ind); -nan(ind); 4; 0; 0; 
-15,1547; -15,1547; -13,1547; 3; -13,1547; 0,00346092; 54; -nan(ind); -nan(ind); 4; 0; 0; 
7,22881; 5,22881; 7,22881; 4; 5,22882; 0,000546811; 54; -nan(ind); -nan(ind); 4; 0; 0; 
-34,3396; -34,3396; -32,3396; 3; -32,3396; 0,020917; 54; -nan(ind); -nan(ind); 4; 0; 0; 
38,18; 36,18; 38,18; 4; 36,18; 0,0269232; 54; -nan(ind); -nan(ind); 4; 0; 0; 
13,0187; 11,0187; 13,0187; 4; 11,0187; 0,00242824; 54; -nan(ind); -nan(ind); 4; 0; 0; 
-49,1683; -49,1683; -47,1683; 3; -47,1684; 0,0444971; 54; -nan(ind); -nan(ind); 4; 0; 0; 
-61,0405; -61,0405; -59,0405; 3; -59,0405; 0,0697155; 54; -nan(ind); -nan(ind); 4; 0; 0; 
-71,1076; -71,1076; -69,1076; 3; -69,1076; 0,0955173; 54; -nan(ind); -nan(ind); 4; 0; 0; 
-84,2325; -84,2325; -82,2325; 3; -82,2325; 0,135244; 54; -nan(ind); -nan(ind); 4; 0; 0; 
99,9802; 97,9802; 99,9802; 4; 97,9802; 0,192006; 54; -nan(ind); -nan(ind); 4; 0; 0; 
-62,691; -62,691; -60,691; 3; -60,691; 0,0736679; 54; -nan(ind); -nan(ind); 4; 0; 0; 
69,3421; 67,3421; 69,3421; 4; 67,3421; -0,64153; 54; -nan(ind); -nan(ind); 4; 0; 0; 
-75,1903; -75,1903; -73,1903; 3; -73,1903; 0,107136; 54; -nan(ind); -nan(ind); 4; 0; 0; 
-94,5494; -94,5494; -92,5494; 3; -92,5494; 0,171308; 54; -nan(ind); -nan(ind); 4; 0; 0; 
-52,6675; -52,6675; -50,6675; 3; -50,6675; 0,0513439; 54; -nan(ind); -nan(ind); 4; 0; 0; 
-95,0867; -95,0867; -93,0867; 3; -93,0867; 0,173303; 54; -nan(ind); -nan(ind); 4; 0; 0; 
23,912; 21,912; 23,912; 4; 21,912; 0,00960278; 54; -nan(ind); -nan(ind); 4; 0; 0; 
-16,6787; -16,6787; -14,6787; 3; -14,6787; 0,00430926; 54; -nan(ind); -nan(ind); 4; 0; 0; 
38,4655; 36,4655; 38,4655; 4; 36,4655; 0,0274462; 54; -nan(ind); -nan(ind); 4; 0; 0; 
33,5793; 31,5793; 33,5793; 4; 31,5793; 0,0200034; 54; -nan(ind); -nan(ind); 4; 0; 0; 
32,4291; 30,4291; 32,4291; 4; 30,4291; 0,0185466; 54; -nan(ind); -nan(ind); 4; 0; 0; 
-50,5706; -50,5706; -48,5706; 3; -48,5706; 0,047182; 54; -nan(ind); -nan(ind); 4; 0; 0; 
-55,2576; -55,2576; -53,2576; 3; -53,2576; 0,0567274; 54; -nan(ind); -nan(ind); 4; 0; 0; 
0; 0; 0; 0; 0; 0; 0; 0; 0; 0; 0; 0; 
58,8449; 58,8449; 60,8449; 3; 60,8449; -0,869517; 54; -nan(ind); -nan(ind); 4; 0; 0; 
0; 0; 0; 0; 0; 0; 0; 0; 0; 0; 0; 0; 
75,3939; 73,3939; 75,3939; 4; 73,3939; -0,0524828; 54; -nan(ind); -nan(ind); 3; 0; 0; 
33,6559; 31,6559; 33,6559; 4; 31,6559; 0,0201032; 54; -nan(ind); -nan(ind); 4; 0; 0; 
-81,5659; -81,5659; -79,5659; 3; -79,5659; 0,126615; 54; -nan(ind); -nan(ind); 4; 0; 0; 
0; 0; 0; 0; 0; 0; 0; 0; 0; 0; 0; 0; 
95,036; 93,036; 95,036; 4; 93,036; 0,17322; 54; -nan(ind); -nan(ind); 4; 0; 0; 
0; 0; 0; 0; 0; 0; 0; 0; 0; 0; 0; 0; 
-5,89303; -5,89303; -3,89303; 3; -3,89303; 0,000303114; 54; -nan(ind); -nan(ind); 4; 0; 0; 
78,7452; 76,7452; 78,7452; 4; 76,7452; 0,0922664; 54; -nan(ind); -nan(ind); 3; 0; 0; 
78,5617; 76,5617; 78,5617; 4; 76,5617; 0,0876574; 54; -nan(ind); -nan(ind); 3; 0; 0; 
0; 0; 0; 0; 0; 0; 0; 0; 0; 0; 0; 0; 
-74,9152; -74,9152; -72,9152; 3; -72,9152; 0,106333; 54; -nan(ind); -nan(ind); 4; 0; 0; 
0; 0; 0; 0; 0; 0; 0; 0; 0; 0; 0; 0; 
85,4483; 83,4483; 85,4483; 4; 83,4483; 0,145906; 54; -nan(ind); -nan(ind); 4; 0; 0; 
62,3773; 60,3773; 62,3773; 3; 62,3773; -0,919366; 54; -nan(ind); -nan(ind); 4; 0; 0; 
3,17736; 1,17736; 3,17736; 4; 1,17736; 2,77237e-05; 54; -nan(ind); -nan(ind); 4; 0; 0; 
0; 0; 0; 0; 0; 0; 0; 0; 0; 0; 0; 0; 
-67,2012; -67,2012; -65,2012; 3; -65,2012; 0,0850239; 54; -nan(ind); -nan(ind); 4; 0; 0; 
0; 0; 0; 0; 0; 0; 0; 0; 0; 0; 0; 0; 
-68,9128; -68,9128; -66,9128; 3; -66,9128; 0,0895465; 54; -nan(ind); -nan(ind); 4; 0; 0; 
-34,8411; -34,8411; -32,8411; 3; -32,8411; 0,0215707; 54; -nan(ind); -nan(ind); 4; 0; 0; 
46,4454; 46,4454; 48,4454; 3; 48,4454; 0,0301541; 54; -nan(ind); -nan(ind); 3; 0; 0; 
0; 0; 0; 0; 0; 0; 0; 0; 0; 0; 0; 0; 
-80,9625; -80,9625; -78,9625; 3; -78,9625; 0,124702; 54; -nan(ind); -nan(ind); 4; 0; 0; 
0; 0; 0; 0; 0; 0; 0; 0; 0; 0; 0; 0; 
5,04404; 3,04404; 5,04404; 4; 3,04405; 0,000185324; 54; -nan(ind); -nan(ind); 4; 0; 0; 
-0,413464; -2,41346; -0,413464; 3; -0,413468; 3,41911e-06; 54; -nan(ind); -nan(ind); 4; 0; 0; 
13,7741; 11,7741; 13,7741; 4; 11,7741; 0,0027726; 54; -nan(ind); -nan(ind); 4; 0; 0; 
0; 0; 0; 0; 0; 0; 0; 0; 0; 0; 0; 0; 
-85,8287; -85,8287; -83,8287; 3; -83,8287; 0,140545; 54; -nan(ind); -nan(ind); 4; 0; 0; 
0; 0; 0; 0; 0; 0; 0; 0; 0; 0; 0; 0; 
90,9802; 88,9802; 90,9802; 4; 88,9802; 0,159262; 54; -nan(ind); -nan(ind); 4; 0; 0; 
4,73095; 2,73095; 4,73095; 4; 2,73095; 0,000149162; 54; -nan(ind); -nan(ind); 4; 0; 0; 
-53,0061; -53,0061; -51,0061; 3; -51,0061; 0,0520324; 54; -nan(ind); -nan(ind); 4; 0; 0; 
0; 0; 0; 0; 0; 0; 0; 0; 0; 0; 0; 0; 
6,11747; 4,11747; 6,11747; 4; 4,11748; 0,000339073; 54; -nan(ind); -nan(ind); 4; 0; 0; 
0; 0; 0; 0; 0; 0; 0; 0; 0; 0; 0; 0; 
-13,0178; -13,0178; -11,0178; 3; -11,0178; 0,00242786; 54; -nan(ind); -nan(ind); 4; 0; 0; 
18,7996; 16,7996; 18,7996; 4; 16,7996; 0,00564454; 54; -nan(ind); -nan(ind); 4; 0; 0; 
-4,44418; -4,44418; -2,44418; 3; -2,44418; 0,00011948; 54; -nan(ind); -nan(ind); 4; 0; 0; 
0; 0; 0; 0; 0; 0; 0; 0; 0; 0; 0; 0; 
-46,3867; -46,3867; -44,3867; 3; -44,3867; 0,0394035; 54; -nan(ind); -nan(ind); 4; 0; 0; 
0; 0; 0; 0; 0; 0; 0; 0; 0; 0; 0; 0; 
62,8217; 60,8217; 62,8217; 3; 62,727; -0,921198; 54; -nan(ind); -nan(ind); 9; 0; 0; 
-21,8952; -21,8952; -19,8952; 3; -19,8952; 0,00791638; 54; -nan(ind); -nan(ind); 4; 0; 0; 
26,2088; 24,2088; 26,2088; 4; 24,2088; 0,0117216; 54; -nan(ind); -nan(ind); 4; 0; 0; 
0; 0; 0; 0; 0; 0; 0; 0; 0; 0; 0; 0; 
60,12; 60,12; 62,12; 3; 62,12; -0,915687; 54; -nan(ind); -nan(ind); 4; 0; 0; 
0; 0; 0; 0; 0; 0; 0; 0; 0; 0; 0; 0; 
45,8698; 45,8698; 47,8698; 3; 47,8698; 0,0378097; 54; -nan(ind); -nan(ind); 3; 0; 0; 
72,1462; 70,1462; 72,1462; 4; 70,1462; -0,335426; 54; -nan(ind); -nan(ind); 3; 0; 0; 
11,2162; 9,21618; 11,2162; 4; 9,21619; 0,00169876; 54; -nan(ind); -nan(ind); 4; 0; 0; 
0; 0; 0; 0; 0; 0; 0; 0; 0; 0; 0; 0; 
73,6328; 71,6328; 73,6328; 4; 71,6328; -0,189363; 54; -nan(ind); -nan(ind); 3; 0; 0; 
0; 0; 0; 0; 0; 0; 0; 0; 0; 0; 0; 0; 
-75,4549; -75,4549; -73,4549; 3; -73,4549; 0,107912; 54; -nan(ind); -nan(ind); 4; 0; 0; 
32,9823; 30,9823; 32,9823; 4; 30,9823; 0,0192381; 54; -nan(ind); -nan(ind); 4; 0; 0; 
26,5188; 24,5188; 26,5188; 4; 24,5188; 0,0120238; 54; -nan(ind); -nan(ind); 4; 0; 0; 
0; 0; 0; 0; 0; 0; 0; 0; 0; 0; 0; 0; 
-72,9391; -72,9391; -70,9391; 3; -70,9391; 0,100647; 54; -nan(ind); -nan(ind); 4; 0; 0; 
0; 0; 0; 0; 0; 0; 0; 0; 0; 0; 0; 0; 
-57,2313; -57,2313; -55,2313; 3; -55,2313; 0,06101; 54; -nan(ind); -nan(ind); 4; 0; 0; 
12,8033; 10,8033; 12,8033; 4; 10,8033; 0,00233422; 54; -nan(ind); -nan(ind); 4; 0; 0; 
-76,1339; -76,1339; -74,1339; 3; -74,1339; 0,109917; 54; -nan(ind); -nan(ind); 4; 0; 0; 
0; 0; 0; 0; 0; 0; 0; 0; 0; 0; 0; 0; 
-5,50086; -5,50086; -3,50086; 3; -3,50086; 0,00024512; 54; -nan(ind); -nan(ind); 4; 0; 0; 
0; 0; 0; 0; 0; 0; 0; 0; 0; 0; 0; 0; 
69,4374; 67,4374; 69,4374; 4; 67,4374; -0,631513; 54; -nan(ind); -nan(ind); 4; 0; 0; 
68,5171; 66,5171; 68,5171; 4; 66,5171; -0,723985; 54; -nan(ind); -nan(ind); 4; 0; 0; 
58,3099; 58,3099; 60,3099; 3; 60,3099; -0,837401; 54; -nan(ind); -nan(ind); 4; 0; 0; 
0; 0; 0; 0; 0; 0; 0; 0; 0; 0; 0; 0; 
30,7651; 28,7651; 30,7651; 4; 28,7651; 0,0165576; 54; -nan(ind); -nan(ind); 4; 0; 0; 
0; 0; 0; 0; 0; 0; 0; 0; 0; 0; 0; 0; 
20,1209; 18,1209; 20,1209; 4; 18,1209; 0,00656736; 54; -nan(ind); -nan(ind); 4; 0; 0; 
-87,0097; -87,0097; -85,0097; 3; -85,0097; 0,144533; 54; -nan(ind); -nan(ind); 4; 0; 0; 
-61,9006; -61,9006; -59,9006; 3; -59,9006; 0,0717617; 54; -nan(ind); -nan(ind); 4; 0; 0; 
0; 0; 0; 0; 0; 0; 0; 0; 0; 0; 0; 0; 
-45,4544; -45,4544; -43,4544; 3; -43,4544; 0,0377657; 54; -nan(ind); -nan(ind); 4; 0; 0; 
0; 0; 0; 0; 0; 0; 0; 0; 0; 0; 0; 0; 
90,6561; 88,6561; 90,6561; 4; 88,6561; 0,158257; 54; -nan(ind); -nan(ind); 4; 0; 0; 
58,781; 58,781; 60,781; 3; 60,781; -0,866049; 54; -nan(ind); -nan(ind); 4; 0; 0; 
-69,1568; -69,1568; -67,1568; 3; -67,1568; 0,0902007; 54; -nan(ind); -nan(ind); 4; 0; 0; 
0; 0; 0; 0; 0; 0; 0; 0; 0; 0; 0; 0; 
2,52061; 0,52061; 2,52061; 4; 0,520614; 5,42077e-06; 54; -nan(ind); -nan(ind); 4; 0; 0; 
0; 0; 0; 0; 0; 0; 0; 0; 0; 0; 0; 0; 
72,1426; 70,1426; 72,1426; 4; 70,1426; -0,335804; 54; -nan(ind); -nan(ind); 3; 0; 0; 
-42,2022; -42,2022; -40,2022; 3; -40,2022; 0,0323243; 54; -nan(ind); -nan(ind); 4; 0; 0; 
-26,415; -26,415; -24,415; 3; -24,415; 0,0119219; 54; -nan(ind); -nan(ind); 4; 0; 0; 
0; 0; 0; 0; 0; 0; 0; 0; 0; 0; 0; 0; 
-76,3191; -76,3191; -74,3191; 3; -74,3191; 0,110467; 54; -nan(ind); -nan(ind); 4; 0; 0; 
0; 0; 0; 0; 0; 0; 0; 0; 0; 0; 0; 0; 
15,5866; 13,5866; 15,5866; 4; 13,5866; 0,00369192; 54; -nan(ind); -nan(ind); 4; 0; 0; 
-86,6758; -86,6758; -84,6758; 3; -84,6758; 0,1434; 54; -nan(ind); -nan(ind); 4; 0; 0; 
-17,0342; -17,0342; -15,0342; 3; -15,0342; 0,00452054; 54; -nan(ind); -nan(ind); 4; 0; 0; 
0; 0; 0; 0; 0; 0; 0; 0; 0; 0; 0; 0; 
57,9662; 57,9662; 59,9662; 3; 59,9662; -0,813283; 54; -nan(ind); -nan(ind); 4; 0; 0; 
0; 0; 0; 0; 0; 0; 0; 0; 0; 0; 0; 0; 
0; 0; 0; 0; 0; 0; 0; 0; 0; 0; 0; 0; 
77,6513; 75,6513; 77,6513; 4; 75,6513; 0,059841; 54; -nan(ind); -nan(ind); 3; 0; 0; 
0; 0; 0; 0; 0; 0; 0; 0; 0; 0; 0; 0; 
0; 0; 0; 0; 0; 0; 0; 0; 0; 0; 0; 0; 
28,6203; 26,6203; 28,6203; 4; 26,6203; 0,0141746; 54; -nan(ind); -nan(ind); 4; 0; 0; 
0; 0; 0; 0; 0; 0; 0; 0; 0; 0; 0; 0; 
0; 0; 0; 0; 0; 0; 0; 0; 0; 0; 0; 0; 
-49,5218; -49,5218; -47,5218; 3; -47,5218; 0,0451664; 54; -nan(ind); -nan(ind); 4; 0; 0; 
0; 0; 0; 0; 0; 0; 0; 0; 0; 0; 0; 0; 
0; 0; 0; 0; 0; 0; 0; 0; 0; 0; 0; 0; 
42,7385; 40,7385; 42,7385; 4; 40,7385; 0,0377793; 54; -nan(ind); -nan(ind); 4; 0; 0; 
0; 0; 0; 0; 0; 0; 0; 0; 0; 0; 0; 0; 
0; 0; 0; 0; 0; 0; 0; 0; 0; 0; 0; 0; 
-78,1819; -78,1819; -76,1819; 3; -76,1819; 0,116074; 54; -nan(ind); -nan(ind); 4; 0; 0; 
0; 0; 0; 0; 0; 0; 0; 0; 0; 0; 0; 0; 
0; 0; 0; 0; 0; 0; 0; 0; 0; 0; 0; 0; 
46,1983; 46,1983; 48,1983; 3; 48,1982; 0,0337455; 54; -nan(ind); -nan(ind); 3; 0; 0; 
0; 0; 0; 0; 0; 0; 0; 0; 0; 0; 0; 0; 
0; 0; 0; 0; 0; 0; 0; 0; 0; 0; 0; 0; 
-59,9643; -59,9643; -57,9643; 3; -57,9643; 0,0671973; 54; -nan(ind); -nan(ind); 4; 0; 0; 
0; 0; 0; 0; 0; 0; 0; 0; 0; 0; 0; 0; 
0; 0; 0; 0; 0; 0; 0; 0; 0; 0; 0; 0; 
-20,302; -20,302; -18,302; 3; -18,302; 0,00669928; 54; -nan(ind); -nan(ind); 4; 0; 0; 
0; 0; 0; 0; 0; 0; 0; 0; 0; 0; 0; 0; 
0; 0; 0; 0; 0; 0; 0; 0; 0; 0; 0; 0; 
-13,9125; -13,9125; -11,9125; 3; -11,9125; 0,00283814; 54; -nan(ind); -nan(ind); 4; 0; 0; 
0; 0; 0; 0; 0; 0; 0; 0; 0; 0; 0; 0; 
0; 0; 0; 0; 0; 0; 0; 0; 0; 0; 0; 0; 
29,1432; 27,1432; 29,1432; 4; 27,1432; 0,0147379; 54; -nan(ind); -nan(ind); 4; 0; 0; 
0; 0; 0; 0; 0; 0; 0; 0; 0; 0; 0; 0; 
0; 0; 0; 0; 0; 0; 0; 0; 0; 0; 0; 0; 
16,744; 14,744; 16,744; 4; 14,744; 0,00434769; 54; -nan(ind); -nan(ind); 4; 0; 0; 
0; 0; 0; 0; 0; 0; 0; 0; 0; 0; 0; 0; 
0; 0; 0; 0; 0; 0; 0; 0; 0; 0; 0; 0; 
72,0481; 70,0481; 72,0481; 4; 70,0482; -0,345805; 54; -nan(ind); -nan(ind); 3; 0; 0; 
0; 0; 0; 0; 0; 0; 0; 0; 0; 0; 0; 0; 
0; 0; 0; 0; 0; 0; 0; 0; 0; 0; 0; 0; 
-75,212; -75,212; -73,212; 3; -73,212; 0,1072; 54; -nan(ind); -nan(ind); 4; 0; 0; 
0; 0; 0; 0; 0; 0; 0; 0; 0; 0; 0; 0; 
0; 0; 0; 0; 0; 0; 0; 0; 0; 0; 0; 0; 
63,7195; 61,7195; 63,7195; 3; 62,727; -0,921198; 54; -nan(ind); -nan(ind); 8; 0; 0; 
0; 0; 0; 0; 0; 0; 0; 0; 0; 0; 0; 0; 
0; 0; 0; 0; 0; 0; 0; 0; 0; 0; 0; 0; 
-39,9937; -39,9937; -37,9937; 3; -37,9937; 0,0288704; 54; -nan(ind); -nan(ind); 4; 0; 0; 
0; 0; 0; 0; 0; 0; 0; 0; 0; 0; 0; 0; 
0; 0; 0; 0; 0; 0; 0; 0; 0; 0; 0; 0; 
3,59282; 1,59282; 3,59282; 4; 1,59283; 5,0742e-05; 54; -nan(ind); -nan(ind); 4; 0; 0; 
0; 0; 0; 0; 0; 0; 0; 0; 0; 0; 0; 0; 
0; 0; 0; 0; 0; 0; 0; 0; 0; 0; 0; 0; 
-66,7896; -66,7896; -64,7896; 3; -64,7896; 0,0839539; 54; -nan(ind); -nan(ind); 4; 0; 0; 
0; 0; 0; 0; 0; 0; 0; 0; 0; 0; 0; 0; 
0; 0; 0; 0; 0; 0; 0; 0; 0; 0; 0; 0; 
2,85267; 0,852674; 2,85267; 4; 0,852678; 1,45412e-05; 54; -nan(ind); -nan(ind); 4; 0; 0; 
0; 0; 0; 0; 0; 0; 0; 0; 0; 0; 0; 0; 
0; 0; 0; 0; 0; 0; 0; 0; 0; 0; 0; 0; 
64,0222; 62,0222; 64,0222; 4; 62,727; -0,921198; 54; -nan(ind); -nan(ind); 9; 0; 0; 
0; 0; 0; 0; 0; 0; 0; 0; 0; 0; 0; 0; 
0; 0; 0; 0; 0; 0; 0; 0; 0; 0; 0; 0; 
-27,7367; -27,7367; -25,7367; 3; -25,7367; 0,0132475; 54; -nan(ind); -nan(ind); 4; 0; 0; 
0; 0; 0; 0; 0; 0; 0; 0; 0; 0; 0; 0; 
0; 0; 0; 0; 0; 0; 0; 0; 0; 0; 0; 0; 
31,6505; 29,6505; 31,6505; 4; 29,6505; 0,0175996; 54; -nan(ind); -nan(ind); 4; 0; 0; 
0; 0; 0; 0; 0; 0; 0; 0; 0; 0; 0; 0; 
0; 0; 0; 0; 0; 0; 0; 0; 0; 0; 0; 0; 
-20,9826; -20,9826; -18,9826; 3; -18,9826; 0,00720682; 54; -nan(ind); -nan(ind); 4; 0; 0; 
0; 0; 0; 0; 0; 0; 0; 0; 0; 0; 0; 0; 
0; 0; 0; 0; 0; 0; 0; 0; 0; 0; 0; 0; 
6,28518; 4,28518; 6,28518; 4; 4,28519; 0,000367256; 54; -nan(ind); -nan(ind); 4; 0; 0; 
0; 0; 0; 0; 0; 0; 0; 0; 0; 0; 0; 0; 
0; 0; 0; 0; 0; 0; 0; 0; 0; 0; 0; 0; 
-56,2052; -56,2052; -54,2052; 3; -54,2052; 0,0587641; 54; -nan(ind); -nan(ind); 4; 0; 0; 
0; 0; 0; 0; 0; 0; 0; 0; 0; 0; 0; 0; 
0; 0; 0; 0; 0; 0; 0; 0; 0; 0; 0; 0; 
-28,5194; -28,5194; -26,5194; 3; -26,5194; 0,0140655; 54; -nan(ind); -nan(ind); 4; 0; 0; 
0; 0; 0; 0; 0; 0; 0; 0; 0; 0; 0; 0; 
0; 0; 0; 0; 0; 0; 0; 0; 0; 0; 0; 0; 
-97,1018; -97,1018; -95,1018; 3; -95,1018; 0,180887; 54; -nan(ind); -nan(ind); 4; 0; 0; 
0; 0; 0; 0; 0; 0; 0; 0; 0; 0; 0; 0; 
0; 0; 0; 0; 0; 0; 0; 0; 0; 0; 0; 0; 
19,0396; 17,0396; 19,0396; 4; 17,0396; 0,00580694; 54; -nan(ind); -nan(ind); 4; 0; 0; 
0; 0; 0; 0; 0; 0; 0; 0; 0; 0; 0; 0; 
0; 0; 0; 0; 0; 0; 0; 0; 0; 0; 0; 0; 
-59,9754; -59,9754; -57,9754; 3; -57,9754; 0,0672231; 54; -nan(ind); -nan(ind); 4; 0; 0; 
0; 0; 0; 0; 0; 0; 0; 0; 0; 0; 0; 0; 
0; 0; 0; 0; 0; 0; 0; 0; 0; 0; 0; 0; 
-49,0678; -49,0678; -47,0678; 3; -47,0678; 0,0443076; 54; -nan(ind); -nan(ind); 4; 0; 0; 
0; 0; 0; 0; 0; 0; 0; 0; 0; 0; 0; 0; 
0; 0; 0; 0; 0; 0; 0; 0; 0; 0; 0; 0; 
50,9912; 50,9912; 52,9912; 3; 52,9912; -0,155372; 54; -nan(ind); -nan(ind); 3; 0; 0; 
0; 0; 0; 0; 0; 0; 0; 0; 0; 0; 0; 0; 
0; 0; 0; 0; 0; 0; 0; 0; 0; 0; 0; 0; 
8,92371; 6,92371; 8,92371; 4; 6,92371; 0,000958755; 54; -nan(ind); -nan(ind); 4; 0; 0; 
0; 0; 0; 0; 0; 0; 0; 0; 0; 0; 0; 0; 
0; 0; 0; 0; 0; 0; 0; 0; 0; 0; 0; 0; 
24,8571; 22,8571; 24,8571; 4; 22,8571; 0,010449; 54; -nan(ind); -nan(ind); 4; 0; 0; 
0; 0; 0; 0; 0; 0; 0; 0; 0; 0; 0; 0; 
0; 0; 0; 0; 0; 0; 0; 0; 0; 0; 0; 0; 
85,0269; 83,0269; 85,0269; 4; 83,027; 0,145122; 54; -nan(ind); -nan(ind); 4; 0; 0; 
0; 0; 0; 0; 0; 0; 0; 0; 0; 0; 0; 0; 
0; 0; 0; 0; 0; 0; 0; 0; 0; 0; 0; 0; 